name,version,kind,type,main,module,hasExports,path
@babel/code-frame,7.27.1,CJS,commonjs,./lib/index.js,,false,C:\Dev\Projects\SayMyName\Frontend\node_modules\@babel\code-frame
@babel/core,7.28.4,CJS,commonjs,./lib/index.js,,false,C:\Dev\Projects\SayMyName\Frontend\node_modules\@babel\core
@babel/generator,7.28.3,CJS,commonjs,./lib/index.js,,false,C:\Dev\Projects\SayMyName\Frontend\node_modules\@babel\generator
@babel/helper-compilation-targets,7.27.2,CJS,commonjs,./lib/index.js,,true,C:\Dev\Projects\SayMyName\Frontend\node_modules\@babel\helper-compilation-targets
@babel/helper-module-imports,7.27.1,CJS,commonjs,./lib/index.js,,false,C:\Dev\Projects\SayMyName\Frontend\node_modules\@babel\helper-module-imports
@babel/helper-module-transforms,7.28.3,CJS,commonjs,./lib/index.js,,false,C:\Dev\Projects\SayMyName\Frontend\node_modules\@babel\helper-module-transforms
@babel/helper-plugin-utils,7.27.1,CJS,commonjs,./lib/index.js,,false,C:\Dev\Projects\SayMyName\Frontend\node_modules\@babel\helper-plugin-utils
@babel/helper-string-parser,7.27.1,CJS,commonjs,./lib/index.js,,true,C:\Dev\Projects\SayMyName\Frontend\node_modules\@babel\helper-string-parser
@babel/helper-validator-identifier,7.27.1,CJS,commonjs,./lib/index.js,,true,C:\Dev\Projects\SayMyName\Frontend\node_modules\@babel\helper-validator-identifier
@babel/helper-validator-option,7.27.1,CJS,commonjs,./lib/index.js,,true,C:\Dev\Projects\SayMyName\Frontend\node_modules\@babel\helper-validator-option
@babel/helpers,7.28.4,CJS,commonjs,./lib/index.js,,false,C:\Dev\Projects\SayMyName\Frontend\node_modules\@babel\helpers
@babel/parser,7.28.4,CJS,commonjs,./lib/index.js,,false,C:\Dev\Projects\SayMyName\Frontend\node_modules\@babel\parser
@babel/plugin-transform-react-jsx-self,7.27.1,CJS,commonjs,./lib/index.js,,false,C:\Dev\Projects\SayMyName\Frontend\node_modules\@babel\plugin-transform-react-jsx-self
@babel/plugin-transform-react-jsx-source,7.27.1,CJS,commonjs,./lib/index.js,,false,C:\Dev\Projects\SayMyName\Frontend\node_modules\@babel\plugin-transform-react-jsx-source
@babel/template,7.27.2,CJS,commonjs,./lib/index.js,,false,C:\Dev\Projects\SayMyName\Frontend\node_modules\@babel\template
@babel/traverse,7.28.4,CJS,commonjs,./lib/index.js,,false,C:\Dev\Projects\SayMyName\Frontend\node_modules\@babel\traverse
@babel/types,7.28.4,CJS,commonjs,./lib/index.js,,false,C:\Dev\Projects\SayMyName\Frontend\node_modules\@babel\types
@date-io/core,3.2.0,CJS,,,,false,C:\Dev\Projects\SayMyName\Frontend\node_modules\@date-io\core
@esbuild/win32-x64,0.21.5,CJS,,,,false,C:\Dev\Projects\SayMyName\Frontend\node_modules\@esbuild\win32-x64
@eslint/js,8.57.0,CJS,,./src/index.js,,false,C:\Dev\Projects\SayMyName\Frontend\node_modules\@eslint\js
@humanwhocodes/config-array,0.11.14,CJS,,api.js,,false,C:\Dev\Projects\SayMyName\Frontend\node_modules\@humanwhocodes\config-array
@humanwhocodes/object-schema,2.0.3,CJS,,src/index.js,,false,C:\Dev\Projects\SayMyName\Frontend\node_modules\@humanwhocodes\object-schema
@mui/core-downloads-tracker,5.18.0,CJS,,,,false,C:\Dev\Projects\SayMyName\Frontend\node_modules\@mui\core-downloads-tracker
@mui/types,7.2.24,CJS,,,,false,C:\Dev\Projects\SayMyName\Frontend\node_modules\@mui\types
@mui/types,7.4.6,CJS,commonjs,./index.js,,true,C:\Dev\Projects\SayMyName\Frontend\node_modules\@mui\x-date-pickers\node_modules\@mui\types
@mui/utils,7.3.2,CJS,commonjs,./index.js,,true,C:\Dev\Projects\SayMyName\Frontend\node_modules\@mui\x-date-pickers\node_modules\@mui\utils
@nodelib/fs.scandir,2.1.5,CJS,,out/index.js,,false,C:\Dev\Projects\SayMyName\Frontend\node_modules\@nodelib\fs.scandir
@nodelib/fs.stat,2.0.5,CJS,,out/index.js,,false,C:\Dev\Projects\SayMyName\Frontend\node_modules\@nodelib\fs.stat
@nodelib/fs.walk,1.2.8,CJS,,out/index.js,,false,C:\Dev\Projects\SayMyName\Frontend\node_modules\@nodelib\fs.walk
@rollup/rollup-win32-x64-msvc,4.50.1,CJS,,./rollup.win32-x64-msvc.node,,false,C:\Dev\Projects\SayMyName\Frontend\node_modules\@rollup\rollup-win32-x64-msvc
@types/babel__core,7.20.5,CJS,,,,false,C:\Dev\Projects\SayMyName\Frontend\node_modules\@types\babel__core
@types/babel__generator,7.27.0,CJS,,,,false,C:\Dev\Projects\SayMyName\Frontend\node_modules\@types\babel__generator
@types/babel__template,7.4.4,CJS,,,,false,C:\Dev\Projects\SayMyName\Frontend\node_modules\@types\babel__template
@types/babel__traverse,7.28.0,CJS,,,,false,C:\Dev\Projects\SayMyName\Frontend\node_modules\@types\babel__traverse
@types/estree,1.0.8,CJS,,,,false,C:\Dev\Projects\SayMyName\Frontend\node_modules\@types\estree
@types/hoist-non-react-statics,3.3.7,CJS,,,,false,C:\Dev\Projects\SayMyName\Frontend\node_modules\@types\hoist-non-react-statics
@types/node,20.14.12,CJS,,,,false,C:\Dev\Projects\SayMyName\Frontend\node_modules\@types\node
@types/parse-json,4.0.2,CJS,,,,false,C:\Dev\Projects\SayMyName\Frontend\node_modules\@types\parse-json
@types/prop-types,15.7.15,CJS,,,,false,C:\Dev\Projects\SayMyName\Frontend\node_modules\@types\prop-types
@types/react-beautiful-dnd,13.1.8,CJS,,,,false,C:\Dev\Projects\SayMyName\Frontend\node_modules\@types\react-beautiful-dnd
@types/react-redux,7.1.34,CJS,,,,false,C:\Dev\Projects\SayMyName\Frontend\node_modules\@types\react-redux
@types/react-transition-group,4.4.12,CJS,,,,false,C:\Dev\Projects\SayMyName\Frontend\node_modules\@types\react-transition-group
@types/use-sync-external-store,0.0.6,CJS,,,,false,C:\Dev\Projects\SayMyName\Frontend\node_modules\@types\use-sync-external-store
acorn-jsx,5.3.2,CJS,,,,false,C:\Dev\Projects\SayMyName\Frontend\node_modules\acorn-jsx
ajv,6.12.6,CJS,,lib/ajv.js,,false,C:\Dev\Projects\SayMyName\Frontend\node_modules\ajv
ansi-regex,5.0.1,CJS,,,,false,C:\Dev\Projects\SayMyName\Frontend\node_modules\ansi-regex
ansi-styles,4.3.0,CJS,,,,false,C:\Dev\Projects\SayMyName\Frontend\node_modules\ansi-styles
argparse,2.0.1,CJS,,argparse.js,,false,C:\Dev\Projects\SayMyName\Frontend\node_modules\argparse
array-union,2.1.0,CJS,,,,false,C:\Dev\Projects\SayMyName\Frontend\node_modules\array-union
asynckit,0.4.0,CJS,,index.js,,false,C:\Dev\Projects\SayMyName\Frontend\node_modules\asynckit
babel-plugin-macros,3.1.0,CJS,,dist/index.js,,false,C:\Dev\Projects\SayMyName\Frontend\node_modules\babel-plugin-macros
balanced-match,1.0.2,CJS,,index.js,,false,C:\Dev\Projects\SayMyName\Frontend\node_modules\balanced-match
brace-expansion,1.1.12,CJS,,index.js,,false,C:\Dev\Projects\SayMyName\Frontend\node_modules\@eslint\eslintrc\node_modules\brace-expansion
brace-expansion,2.0.2,CJS,,index.js,,false,C:\Dev\Projects\SayMyName\Frontend\node_modules\brace-expansion
braces,3.0.3,CJS,,index.js,,false,C:\Dev\Projects\SayMyName\Frontend\node_modules\braces
browserslist,4.25.4,CJS,,,,false,C:\Dev\Projects\SayMyName\Frontend\node_modules\browserslist
call-bind-apply-helpers,1.0.2,CJS,,index.js,,true,C:\Dev\Projects\SayMyName\Frontend\node_modules\call-bind-apply-helpers
callsites,3.1.0,CJS,,,,false,C:\Dev\Projects\SayMyName\Frontend\node_modules\callsites
caniuse-lite,1.0.30001741,CJS,,dist/unpacker/index.js,,false,C:\Dev\Projects\SayMyName\Frontend\node_modules\caniuse-lite
chalk,4.1.2,CJS,,source,,false,C:\Dev\Projects\SayMyName\Frontend\node_modules\chalk
color-convert,2.0.1,CJS,,,,false,C:\Dev\Projects\SayMyName\Frontend\node_modules\color-convert
color-name,1.1.4,CJS,,index.js,,false,C:\Dev\Projects\SayMyName\Frontend\node_modules\color-name
combined-stream,1.0.8,CJS,,./lib/combined_stream,,false,C:\Dev\Projects\SayMyName\Frontend\node_modules\combined-stream
concat-map,0.0.1,CJS,,index.js,,false,C:\Dev\Projects\SayMyName\Frontend\node_modules\concat-map
convert-source-map,2.0.0,CJS,,index.js,,false,C:\Dev\Projects\SayMyName\Frontend\node_modules\@babel\core\node_modules\convert-source-map
convert-source-map,1.9.0,CJS,,index.js,,false,C:\Dev\Projects\SayMyName\Frontend\node_modules\convert-source-map
cosmiconfig,7.1.0,CJS,,dist/index.js,,false,C:\Dev\Projects\SayMyName\Frontend\node_modules\cosmiconfig
cross-fetch,4.0.0,CJS,,dist/node-ponyfill.js,,false,C:\Dev\Projects\SayMyName\Frontend\node_modules\cross-fetch
cross-spawn,7.0.6,CJS,,index.js,,false,C:\Dev\Projects\SayMyName\Frontend\node_modules\cross-spawn
csstype,3.1.3,CJS,,,,false,C:\Dev\Projects\SayMyName\Frontend\node_modules\csstype
dayjs,1.11.13,CJS,,dayjs.min.js,,false,C:\Dev\Projects\SayMyName\Frontend\node_modules\dayjs
debug,4.4.1,CJS,,./src/index.js,,false,C:\Dev\Projects\SayMyName\Frontend\node_modules\debug
deep-is,0.1.4,CJS,,index.js,,false,C:\Dev\Projects\SayMyName\Frontend\node_modules\deep-is
delayed-stream,1.0.0,CJS,,./lib/delayed_stream,,false,C:\Dev\Projects\SayMyName\Frontend\node_modules\delayed-stream
dir-glob,3.0.1,CJS,,,,false,C:\Dev\Projects\SayMyName\Frontend\node_modules\dir-glob
doctrine,3.0.0,CJS,,lib/doctrine.js,,false,C:\Dev\Projects\SayMyName\Frontend\node_modules\doctrine
electron-to-chromium,1.5.214,CJS,,index.js,,false,C:\Dev\Projects\SayMyName\Frontend\node_modules\electron-to-chromium
error-ex,1.3.2,CJS,,,,false,C:\Dev\Projects\SayMyName\Frontend\node_modules\error-ex
es-define-property,1.0.1,CJS,,index.js,,true,C:\Dev\Projects\SayMyName\Frontend\node_modules\es-define-property
es-errors,1.3.0,CJS,,index.js,,true,C:\Dev\Projects\SayMyName\Frontend\node_modules\es-errors
es-object-atoms,1.1.1,CJS,,index.js,,true,C:\Dev\Projects\SayMyName\Frontend\node_modules\es-object-atoms
es-set-tostringtag,2.1.0,CJS,,index.js,,true,C:\Dev\Projects\SayMyName\Frontend\node_modules\es-set-tostringtag
esbuild,0.21.5,CJS,,lib/main.js,,false,C:\Dev\Projects\SayMyName\Frontend\node_modules\esbuild
escape-string-regexp,4.0.0,CJS,,,,false,C:\Dev\Projects\SayMyName\Frontend\node_modules\escape-string-regexp
eslint,8.57.0,CJS,,./lib/api.js,,true,C:\Dev\Projects\SayMyName\Frontend\node_modules\eslint
eslint-plugin-react-hooks,4.6.2,CJS,,,,false,C:\Dev\Projects\SayMyName\Frontend\node_modules\eslint-plugin-react-hooks
eslint-plugin-react-refresh,0.4.7,CJS,,index.js,,false,C:\Dev\Projects\SayMyName\Frontend\node_modules\eslint-plugin-react-refresh
esrecurse,4.3.0,CJS,,esrecurse.js,,false,C:\Dev\Projects\SayMyName\Frontend\node_modules\esrecurse
estraverse,5.3.0,CJS,,estraverse.js,,false,C:\Dev\Projects\SayMyName\Frontend\node_modules\estraverse
esutils,2.0.3,CJS,,lib/utils.js,,false,C:\Dev\Projects\SayMyName\Frontend\node_modules\esutils
fast-deep-equal,3.1.3,CJS,,index.js,,false,C:\Dev\Projects\SayMyName\Frontend\node_modules\fast-deep-equal
fast-glob,3.3.3,CJS,,out/index.js,,false,C:\Dev\Projects\SayMyName\Frontend\node_modules\fast-glob
fast-json-stable-stringify,2.1.0,CJS,,index.js,,false,C:\Dev\Projects\SayMyName\Frontend\node_modules\fast-json-stable-stringify
fast-levenshtein,2.0.6,CJS,,levenshtein.js,,false,C:\Dev\Projects\SayMyName\Frontend\node_modules\fast-levenshtein
fastq,1.19.1,CJS,,queue.js,,false,C:\Dev\Projects\SayMyName\Frontend\node_modules\fastq
file-entry-cache,6.0.1,CJS,,cache.js,,false,C:\Dev\Projects\SayMyName\Frontend\node_modules\file-entry-cache
fill-range,7.1.1,CJS,,index.js,,false,C:\Dev\Projects\SayMyName\Frontend\node_modules\fill-range
find-root,1.1.0,CJS,,index.js,,false,C:\Dev\Projects\SayMyName\Frontend\node_modules\find-root
find-up,5.0.0,CJS,,,,false,C:\Dev\Projects\SayMyName\Frontend\node_modules\find-up
flat-cache,3.2.0,CJS,,src/cache.js,,false,C:\Dev\Projects\SayMyName\Frontend\node_modules\flat-cache
follow-redirects,1.15.11,CJS,,index.js,,false,C:\Dev\Projects\SayMyName\Frontend\node_modules\follow-redirects
form-data,4.0.4,CJS,,./lib/form_data,,false,C:\Dev\Projects\SayMyName\Frontend\node_modules\form-data
fs.realpath,1.0.0,CJS,,index.js,,false,C:\Dev\Projects\SayMyName\Frontend\node_modules\fs.realpath
function-bind,1.1.2,CJS,,index,,false,C:\Dev\Projects\SayMyName\Frontend\node_modules\function-bind
gensync,1.0.0-beta.2,CJS,,index.js,,false,C:\Dev\Projects\SayMyName\Frontend\node_modules\gensync
get-intrinsic,1.3.0,CJS,,index.js,,true,C:\Dev\Projects\SayMyName\Frontend\node_modules\get-intrinsic
get-proto,1.0.1,CJS,,index.js,,true,C:\Dev\Projects\SayMyName\Frontend\node_modules\get-proto
glob,7.2.3,CJS,,glob.js,,false,C:\Dev\Projects\SayMyName\Frontend\node_modules\glob
glob-parent,5.1.2,CJS,,index.js,,false,C:\Dev\Projects\SayMyName\Frontend\node_modules\fast-glob\node_modules\glob-parent
glob-parent,6.0.2,CJS,,index.js,,false,C:\Dev\Projects\SayMyName\Frontend\node_modules\glob-parent
globals,13.24.0,CJS,,,,false,C:\Dev\Projects\SayMyName\Frontend\node_modules\globals
globby,11.1.0,CJS,,,,false,C:\Dev\Projects\SayMyName\Frontend\node_modules\globby
gopd,1.2.0,CJS,,index.js,,true,C:\Dev\Projects\SayMyName\Frontend\node_modules\gopd
graphemer,1.4.0,CJS,,./lib/index.js,,false,C:\Dev\Projects\SayMyName\Frontend\node_modules\graphemer
has-flag,4.0.0,CJS,,,,false,C:\Dev\Projects\SayMyName\Frontend\node_modules\has-flag
has-symbols,1.1.0,CJS,,index.js,,false,C:\Dev\Projects\SayMyName\Frontend\node_modules\has-symbols
has-tostringtag,1.0.2,CJS,,index.js,,true,C:\Dev\Projects\SayMyName\Frontend\node_modules\has-tostringtag
hasown,2.0.2,CJS,,index.js,,true,C:\Dev\Projects\SayMyName\Frontend\node_modules\hasown
hoist-non-react-statics,3.3.2,CJS,,dist/hoist-non-react-statics.cjs.js,,false,C:\Dev\Projects\SayMyName\Frontend\node_modules\hoist-non-react-statics
ignore,5.3.2,CJS,,,,false,C:\Dev\Projects\SayMyName\Frontend\node_modules\ignore
imurmurhash,0.1.4,CJS,,imurmurhash.js,,false,C:\Dev\Projects\SayMyName\Frontend\node_modules\imurmurhash
inflight,1.0.6,CJS,,inflight.js,,false,C:\Dev\Projects\SayMyName\Frontend\node_modules\inflight
inherits,2.0.4,CJS,,./inherits.js,,false,C:\Dev\Projects\SayMyName\Frontend\node_modules\inherits
is-arrayish,0.2.1,CJS,,,,false,C:\Dev\Projects\SayMyName\Frontend\node_modules\is-arrayish
is-core-module,2.16.1,CJS,,index.js,,true,C:\Dev\Projects\SayMyName\Frontend\node_modules\is-core-module
is-extglob,2.1.1,CJS,,index.js,,false,C:\Dev\Projects\SayMyName\Frontend\node_modules\is-extglob
is-glob,4.0.3,CJS,,index.js,,false,C:\Dev\Projects\SayMyName\Frontend\node_modules\is-glob
is-number,7.0.0,CJS,,index.js,,false,C:\Dev\Projects\SayMyName\Frontend\node_modules\is-number
is-path-inside,3.0.3,CJS,,,,false,C:\Dev\Projects\SayMyName\Frontend\node_modules\is-path-inside
isexe,2.0.0,CJS,,index.js,,false,C:\Dev\Projects\SayMyName\Frontend\node_modules\isexe
js-tokens,4.0.0,CJS,,,,false,C:\Dev\Projects\SayMyName\Frontend\node_modules\js-tokens
jsesc,3.1.0,CJS,,jsesc.js,,false,C:\Dev\Projects\SayMyName\Frontend\node_modules\jsesc
json-buffer,3.0.1,CJS,,,,false,C:\Dev\Projects\SayMyName\Frontend\node_modules\json-buffer
json-parse-even-better-errors,2.3.1,CJS,,index.js,,false,C:\Dev\Projects\SayMyName\Frontend\node_modules\json-parse-even-better-errors
json-schema-traverse,0.4.1,CJS,,index.js,,false,C:\Dev\Projects\SayMyName\Frontend\node_modules\json-schema-traverse
json-stable-stringify-without-jsonify,1.0.1,CJS,,index.js,,false,C:\Dev\Projects\SayMyName\Frontend\node_modules\json-stable-stringify-without-jsonify
keyv,4.5.4,CJS,,src/index.js,,false,C:\Dev\Projects\SayMyName\Frontend\node_modules\keyv
levn,0.4.1,CJS,,./lib/,,false,C:\Dev\Projects\SayMyName\Frontend\node_modules\levn
lines-and-columns,1.2.4,CJS,,./build/index.js,,false,C:\Dev\Projects\SayMyName\Frontend\node_modules\lines-and-columns
locate-path,6.0.0,CJS,,,,false,C:\Dev\Projects\SayMyName\Frontend\node_modules\locate-path
lodash.merge,4.6.2,CJS,,,,false,C:\Dev\Projects\SayMyName\Frontend\node_modules\lodash.merge
loose-envify,1.4.0,CJS,,index.js,,false,C:\Dev\Projects\SayMyName\Frontend\node_modules\loose-envify
lru-cache,5.1.1,CJS,,index.js,,false,C:\Dev\Projects\SayMyName\Frontend\node_modules\lru-cache
merge2,1.4.1,CJS,,./index.js,,false,C:\Dev\Projects\SayMyName\Frontend\node_modules\merge2
micromatch,4.0.8,CJS,,index.js,,false,C:\Dev\Projects\SayMyName\Frontend\node_modules\micromatch
mime-db,1.52.0,CJS,,,,false,C:\Dev\Projects\SayMyName\Frontend\node_modules\mime-db
mime-types,2.1.35,CJS,,,,false,C:\Dev\Projects\SayMyName\Frontend\node_modules\mime-types
minimatch,3.1.2,CJS,,minimatch.js,,false,C:\Dev\Projects\SayMyName\Frontend\node_modules\@eslint\eslintrc\node_modules\minimatch
ms,2.1.3,CJS,,./index,,false,C:\Dev\Projects\SayMyName\Frontend\node_modules\ms
natural-compare,1.4.0,CJS,,index.js,,false,C:\Dev\Projects\SayMyName\Frontend\node_modules\natural-compare
normalize-wheel,1.0.1,CJS,,index.js,,false,C:\Dev\Projects\SayMyName\Frontend\node_modules\normalize-wheel
object-assign,4.1.1,CJS,,,,false,C:\Dev\Projects\SayMyName\Frontend\node_modules\object-assign
once,1.4.0,CJS,,once.js,,false,C:\Dev\Projects\SayMyName\Frontend\node_modules\once
optionator,0.9.4,CJS,,./lib/,,false,C:\Dev\Projects\SayMyName\Frontend\node_modules\optionator
p-limit,3.1.0,CJS,,,,false,C:\Dev\Projects\SayMyName\Frontend\node_modules\p-limit
p-locate,5.0.0,CJS,,,,false,C:\Dev\Projects\SayMyName\Frontend\node_modules\p-locate
parent-module,1.0.1,CJS,,,,false,C:\Dev\Projects\SayMyName\Frontend\node_modules\parent-module
parse-json,5.2.0,CJS,,,,false,C:\Dev\Projects\SayMyName\Frontend\node_modules\parse-json
path-exists,4.0.0,CJS,,,,false,C:\Dev\Projects\SayMyName\Frontend\node_modules\path-exists
path-is-absolute,1.0.1,CJS,,,,false,C:\Dev\Projects\SayMyName\Frontend\node_modules\path-is-absolute
path-key,3.1.1,CJS,,,,false,C:\Dev\Projects\SayMyName\Frontend\node_modules\path-key
path-parse,1.0.7,CJS,,index.js,,false,C:\Dev\Projects\SayMyName\Frontend\node_modules\path-parse
path-type,4.0.0,CJS,,,,false,C:\Dev\Projects\SayMyName\Frontend\node_modules\path-type
picocolors,1.1.1,CJS,,./picocolors.js,,false,C:\Dev\Projects\SayMyName\Frontend\node_modules\picocolors
picomatch,2.3.1,CJS,,index.js,,false,C:\Dev\Projects\SayMyName\Frontend\node_modules\picomatch
prelude-ls,1.2.1,CJS,,lib/,,false,C:\Dev\Projects\SayMyName\Frontend\node_modules\prelude-ls
prop-types,15.8.1,CJS,,index.js,,false,C:\Dev\Projects\SayMyName\Frontend\node_modules\prop-types
proxy-from-env,1.1.0,CJS,,index.js,,false,C:\Dev\Projects\SayMyName\Frontend\node_modules\proxy-from-env
queue-microtask,1.2.3,CJS,,index.js,,false,C:\Dev\Projects\SayMyName\Frontend\node_modules\queue-microtask
react,18.3.1,CJS,,index.js,,true,C:\Dev\Projects\SayMyName\Frontend\node_modules\react
react-dom,18.3.1,CJS,,index.js,,true,C:\Dev\Projects\SayMyName\Frontend\node_modules\react-dom
react-is,16.13.1,CJS,,index.js,,false,C:\Dev\Projects\SayMyName\Frontend\node_modules\hoist-non-react-statics\node_modules\react-is
react-is,17.0.2,CJS,,index.js,,false,C:\Dev\Projects\SayMyName\Frontend\node_modules\react-beautiful-dnd\node_modules\react-is
react-is,19.1.1,CJS,,index.js,,false,C:\Dev\Projects\SayMyName\Frontend\node_modules\react-is
react-refresh,0.14.2,CJS,,runtime.js,,true,C:\Dev\Projects\SayMyName\Frontend\node_modules\react-refresh
resolve,1.22.10,CJS,,index.js,,false,C:\Dev\Projects\SayMyName\Frontend\node_modules\resolve
resolve-from,4.0.0,CJS,,,,false,C:\Dev\Projects\SayMyName\Frontend\node_modules\resolve-from
reusify,1.1.0,CJS,,reusify.js,,false,C:\Dev\Projects\SayMyName\Frontend\node_modules\reusify
rimraf,3.0.2,CJS,,rimraf.js,,false,C:\Dev\Projects\SayMyName\Frontend\node_modules\rimraf
run-parallel,1.2.0,CJS,,index.js,,false,C:\Dev\Projects\SayMyName\Frontend\node_modules\run-parallel
scheduler,0.23.2,CJS,,index.js,,false,C:\Dev\Projects\SayMyName\Frontend\node_modules\scheduler
semver,6.3.1,CJS,,semver.js,,false,C:\Dev\Projects\SayMyName\Frontend\node_modules\@babel\core\node_modules\semver
semver,7.7.2,CJS,,index.js,,false,C:\Dev\Projects\SayMyName\Frontend\node_modules\semver
shebang-command,2.0.0,CJS,,,,false,C:\Dev\Projects\SayMyName\Frontend\node_modules\shebang-command
shebang-regex,3.0.0,CJS,,,,false,C:\Dev\Projects\SayMyName\Frontend\node_modules\shebang-regex
slash,3.0.0,CJS,,,,false,C:\Dev\Projects\SayMyName\Frontend\node_modules\slash
source-map,0.5.7,CJS,,./source-map.js,,false,C:\Dev\Projects\SayMyName\Frontend\node_modules\source-map
source-map-js,1.2.1,CJS,,./source-map.js,,false,C:\Dev\Projects\SayMyName\Frontend\node_modules\source-map-js
strip-ansi,6.0.1,CJS,,,,false,C:\Dev\Projects\SayMyName\Frontend\node_modules\strip-ansi
strip-json-comments,3.1.1,CJS,,,,false,C:\Dev\Projects\SayMyName\Frontend\node_modules\strip-json-comments
supports-color,7.2.0,CJS,,,,false,C:\Dev\Projects\SayMyName\Frontend\node_modules\supports-color
supports-preserve-symlinks-flag,1.0.0,CJS,,./index.js,,true,C:\Dev\Projects\SayMyName\Frontend\node_modules\supports-preserve-symlinks-flag
text-table,0.2.0,CJS,,index.js,,false,C:\Dev\Projects\SayMyName\Frontend\node_modules\text-table
to-regex-range,5.0.1,CJS,,index.js,,false,C:\Dev\Projects\SayMyName\Frontend\node_modules\to-regex-range
toastify,2.0.1,CJS,,dist/build.js,,false,C:\Dev\Projects\SayMyName\Frontend\node_modules\toastify
tr46,0.0.3,CJS,,index.js,,false,C:\Dev\Projects\SayMyName\Frontend\node_modules\tr46
type-check,0.4.0,CJS,,./lib/,,false,C:\Dev\Projects\SayMyName\Frontend\node_modules\type-check
type-fest,0.20.2,CJS,,,,false,C:\Dev\Projects\SayMyName\Frontend\node_modules\type-fest
typescript,5.2.2,CJS,,./lib/typescript.js,,false,C:\Dev\Projects\SayMyName\Frontend\node_modules\typescript
undici-types,5.26.5,CJS,,,,false,C:\Dev\Projects\SayMyName\Frontend\node_modules\undici-types
uri-js,4.4.1,CJS,,dist/es5/uri.all.js,,false,C:\Dev\Projects\SayMyName\Frontend\node_modules\uri-js
void-elements,3.1.0,CJS,,index.js,,false,C:\Dev\Projects\SayMyName\Frontend\node_modules\void-elements
webidl-conversions,3.0.1,CJS,,lib/index.js,,false,C:\Dev\Projects\SayMyName\Frontend\node_modules\webidl-conversions
whatwg-url,5.0.0,CJS,,lib/public-api.js,,false,C:\Dev\Projects\SayMyName\Frontend\node_modules\whatwg-url
which,2.0.2,CJS,,which.js,,false,C:\Dev\Projects\SayMyName\Frontend\node_modules\which
word-wrap,1.2.5,CJS,,index.js,,false,C:\Dev\Projects\SayMyName\Frontend\node_modules\word-wrap
wrappy,1.0.2,CJS,,wrappy.js,,false,C:\Dev\Projects\SayMyName\Frontend\node_modules\wrappy
yallist,3.1.1,CJS,,yallist.js,,false,C:\Dev\Projects\SayMyName\Frontend\node_modules\yallist
yaml,1.10.2,CJS,commonjs,./index.js,,true,C:\Dev\Projects\SayMyName\Frontend\node_modules\yaml
yocto-queue,0.1.0,CJS,,,,false,C:\Dev\Projects\SayMyName\Frontend\node_modules\yocto-queue
@date-io/date-fns,3.2.1,DUAL,,build/index.js,build/index.esm.js,false,C:\Dev\Projects\SayMyName\Frontend\node_modules\@date-io\date-fns
@emotion/babel-plugin,11.13.5,DUAL,,dist/emotion-babel-plugin.cjs.js,dist/emotion-babel-plugin.esm.js,true,C:\Dev\Projects\SayMyName\Frontend\node_modules\@emotion\babel-plugin
@emotion/cache,11.14.0,DUAL,,dist/emotion-cache.cjs.js,dist/emotion-cache.esm.js,true,C:\Dev\Projects\SayMyName\Frontend\node_modules\@emotion\cache
@emotion/hash,0.9.2,DUAL,,dist/emotion-hash.cjs.js,dist/emotion-hash.esm.js,true,C:\Dev\Projects\SayMyName\Frontend\node_modules\@emotion\hash
@emotion/is-prop-valid,1.4.0,DUAL,,dist/emotion-is-prop-valid.cjs.js,dist/emotion-is-prop-valid.esm.js,true,C:\Dev\Projects\SayMyName\Frontend\node_modules\@emotion\is-prop-valid
@emotion/memoize,0.9.0,DUAL,,dist/emotion-memoize.cjs.js,dist/emotion-memoize.esm.js,true,C:\Dev\Projects\SayMyName\Frontend\node_modules\@emotion\memoize
@emotion/react,11.11.4,DUAL,,dist/emotion-react.cjs.js,dist/emotion-react.esm.js,true,C:\Dev\Projects\SayMyName\Frontend\node_modules\@emotion\react
@emotion/serialize,1.3.3,DUAL,,dist/emotion-serialize.cjs.js,dist/emotion-serialize.esm.js,true,C:\Dev\Projects\SayMyName\Frontend\node_modules\@emotion\serialize
@emotion/sheet,1.4.0,DUAL,,dist/emotion-sheet.cjs.js,dist/emotion-sheet.esm.js,true,C:\Dev\Projects\SayMyName\Frontend\node_modules\@emotion\sheet
@emotion/styled,11.11.5,DUAL,,dist/emotion-styled.cjs.js,dist/emotion-styled.esm.js,true,C:\Dev\Projects\SayMyName\Frontend\node_modules\@emotion\styled
@emotion/unitless,0.10.0,DUAL,,dist/emotion-unitless.cjs.js,dist/emotion-unitless.esm.js,true,C:\Dev\Projects\SayMyName\Frontend\node_modules\@emotion\unitless
@emotion/use-insertion-effect-with-fallbacks,1.2.0,DUAL,,dist/emotion-use-insertion-effect-with-fallbacks.cjs.js,dist/emotion-use-insertion-effect-with-fallbacks.esm.js,true,C:\Dev\Projects\SayMyName\Frontend\node_modules\@emotion\use-insertion-effect-with-fallbacks
@emotion/utils,1.4.2,DUAL,,dist/emotion-utils.cjs.js,dist/emotion-utils.esm.js,true,C:\Dev\Projects\SayMyName\Frontend\node_modules\@emotion\utils
@emotion/weak-memoize,0.4.0,DUAL,,dist/emotion-weak-memoize.cjs.js,dist/emotion-weak-memoize.esm.js,true,C:\Dev\Projects\SayMyName\Frontend\node_modules\@emotion\cache\node_modules\@emotion\weak-memoize
@emotion/weak-memoize,0.3.1,DUAL,,dist/emotion-weak-memoize.cjs.js,dist/emotion-weak-memoize.esm.js,true,C:\Dev\Projects\SayMyName\Frontend\node_modules\@emotion\weak-memoize
@eslint-community/eslint-utils,4.8.0,DUAL,,index,index.mjs,true,C:\Dev\Projects\SayMyName\Frontend\node_modules\@eslint-community\eslint-utils
@hello-pangea/dnd,18.0.1,DUAL,,dist/dnd.cjs.js,dist/dnd.esm.js,false,C:\Dev\Projects\SayMyName\Frontend\node_modules\@hello-pangea\dnd
@jridgewell/gen-mapping,0.3.13,DUAL,,dist/gen-mapping.umd.js,dist/gen-mapping.mjs,true,C:\Dev\Projects\SayMyName\Frontend\node_modules\@jridgewell\gen-mapping
@jridgewell/remapping,2.3.5,DUAL,,dist/remapping.umd.js,dist/remapping.mjs,true,C:\Dev\Projects\SayMyName\Frontend\node_modules\@jridgewell\remapping
@jridgewell/resolve-uri,3.1.2,DUAL,,dist/resolve-uri.umd.js,dist/resolve-uri.mjs,true,C:\Dev\Projects\SayMyName\Frontend\node_modules\@jridgewell\resolve-uri
@jridgewell/sourcemap-codec,1.5.5,DUAL,,dist/sourcemap-codec.umd.js,dist/sourcemap-codec.mjs,true,C:\Dev\Projects\SayMyName\Frontend\node_modules\@jridgewell\sourcemap-codec
@jridgewell/trace-mapping,0.3.30,DUAL,,dist/trace-mapping.umd.js,dist/trace-mapping.mjs,true,C:\Dev\Projects\SayMyName\Frontend\node_modules\@jridgewell\trace-mapping
@mui/icons-material,5.18.0,DUAL,,./index.js,./esm/index.js,false,C:\Dev\Projects\SayMyName\Frontend\node_modules\@mui\icons-material
@mui/material,5.18.0,DUAL,,./node/index.js,./index.js,false,C:\Dev\Projects\SayMyName\Frontend\node_modules\@mui\material
@mui/private-theming,5.17.1,DUAL,,./node/index.js,./index.js,false,C:\Dev\Projects\SayMyName\Frontend\node_modules\@mui\private-theming
@mui/styled-engine,5.18.0,DUAL,,./node/index.js,./index.js,false,C:\Dev\Projects\SayMyName\Frontend\node_modules\@mui\styled-engine
@mui/system,5.18.0,DUAL,,./index.js,./esm/index.js,false,C:\Dev\Projects\SayMyName\Frontend\node_modules\@mui\system
@mui/utils,5.17.1,DUAL,,./index.js,./esm/index.js,false,C:\Dev\Projects\SayMyName\Frontend\node_modules\@mui\utils
@mui/x-date-pickers,8.8.0,DUAL,,./index.js,./esm/index.js,true,C:\Dev\Projects\SayMyName\Frontend\node_modules\@mui\x-date-pickers
@mui/x-internals,8.8.0,DUAL,,,,true,C:\Dev\Projects\SayMyName\Frontend\node_modules\@mui\x-internals
@popperjs/core,2.11.8,DUAL,,dist/cjs/popper.js,lib/index.js,false,C:\Dev\Projects\SayMyName\Frontend\node_modules\@popperjs\core
@react-oauth/google,0.12.1,DUAL,,./dist/index.js,./dist/index.esm.js,false,C:\Dev\Projects\SayMyName\Frontend\node_modules\@react-oauth\google
@remix-run/router,1.17.1,DUAL,,./dist/router.cjs.js,./dist/router.js,false,C:\Dev\Projects\SayMyName\Frontend\node_modules\@remix-run\router
@tsparticles/basic,3.9.1,DUAL,,cjs/index.js,esm/index.js,true,C:\Dev\Projects\SayMyName\Frontend\node_modules\@tsparticles\basic
@tsparticles/engine,3.9.1,DUAL,,cjs/index.js,esm/index.js,true,C:\Dev\Projects\SayMyName\Frontend\node_modules\@tsparticles\engine
@tsparticles/interaction-external-attract,3.9.1,DUAL,,cjs/index.js,esm/index.js,true,C:\Dev\Projects\SayMyName\Frontend\node_modules\@tsparticles\interaction-external-attract
@tsparticles/interaction-external-bounce,3.9.1,DUAL,,cjs/index.js,esm/index.js,true,C:\Dev\Projects\SayMyName\Frontend\node_modules\@tsparticles\interaction-external-bounce
@tsparticles/interaction-external-bubble,3.9.1,DUAL,,cjs/index.js,esm/index.js,true,C:\Dev\Projects\SayMyName\Frontend\node_modules\@tsparticles\interaction-external-bubble
@tsparticles/interaction-external-connect,3.9.1,DUAL,,cjs/index.js,esm/index.js,true,C:\Dev\Projects\SayMyName\Frontend\node_modules\@tsparticles\interaction-external-connect
@tsparticles/interaction-external-grab,3.9.1,DUAL,,cjs/index.js,esm/index.js,true,C:\Dev\Projects\SayMyName\Frontend\node_modules\@tsparticles\interaction-external-grab
@tsparticles/interaction-external-pause,3.9.1,DUAL,,cjs/index.js,esm/index.js,true,C:\Dev\Projects\SayMyName\Frontend\node_modules\@tsparticles\interaction-external-pause
@tsparticles/interaction-external-push,3.9.1,DUAL,,cjs/index.js,esm/index.js,true,C:\Dev\Projects\SayMyName\Frontend\node_modules\@tsparticles\interaction-external-push
@tsparticles/interaction-external-remove,3.9.1,DUAL,,cjs/index.js,esm/index.js,true,C:\Dev\Projects\SayMyName\Frontend\node_modules\@tsparticles\interaction-external-remove
@tsparticles/interaction-external-repulse,3.9.1,DUAL,,cjs/index.js,esm/index.js,true,C:\Dev\Projects\SayMyName\Frontend\node_modules\@tsparticles\interaction-external-repulse
@tsparticles/interaction-external-slow,3.9.1,DUAL,,cjs/index.js,esm/index.js,true,C:\Dev\Projects\SayMyName\Frontend\node_modules\@tsparticles\interaction-external-slow
@tsparticles/interaction-particles-attract,3.9.1,DUAL,,cjs/index.js,esm/index.js,true,C:\Dev\Projects\SayMyName\Frontend\node_modules\@tsparticles\interaction-particles-attract
@tsparticles/interaction-particles-collisions,3.9.1,DUAL,,cjs/index.js,esm/index.js,true,C:\Dev\Projects\SayMyName\Frontend\node_modules\@tsparticles\interaction-particles-collisions
@tsparticles/interaction-particles-links,3.9.1,DUAL,,cjs/index.js,esm/index.js,true,C:\Dev\Projects\SayMyName\Frontend\node_modules\@tsparticles\interaction-particles-links
@tsparticles/move-base,3.9.1,DUAL,,cjs/index.js,esm/index.js,true,C:\Dev\Projects\SayMyName\Frontend\node_modules\@tsparticles\move-base
@tsparticles/move-parallax,3.9.1,DUAL,,cjs/index.js,esm/index.js,true,C:\Dev\Projects\SayMyName\Frontend\node_modules\@tsparticles\move-parallax
@tsparticles/plugin-easing-quad,3.9.1,DUAL,,cjs/index.js,esm/index.js,true,C:\Dev\Projects\SayMyName\Frontend\node_modules\@tsparticles\plugin-easing-quad
@tsparticles/plugin-hex-color,3.9.1,DUAL,,cjs/index.js,esm/index.js,true,C:\Dev\Projects\SayMyName\Frontend\node_modules\@tsparticles\plugin-hex-color
@tsparticles/plugin-hsl-color,3.9.1,DUAL,,cjs/index.js,esm/index.js,true,C:\Dev\Projects\SayMyName\Frontend\node_modules\@tsparticles\plugin-hsl-color
@tsparticles/plugin-rgb-color,3.9.1,DUAL,,cjs/index.js,esm/index.js,true,C:\Dev\Projects\SayMyName\Frontend\node_modules\@tsparticles\plugin-rgb-color
@tsparticles/shape-circle,3.9.1,DUAL,,cjs/index.js,esm/index.js,true,C:\Dev\Projects\SayMyName\Frontend\node_modules\@tsparticles\shape-circle
@tsparticles/shape-emoji,3.9.1,DUAL,,cjs/index.js,esm/index.js,true,C:\Dev\Projects\SayMyName\Frontend\node_modules\@tsparticles\shape-emoji
@tsparticles/shape-image,3.9.1,DUAL,,cjs/index.js,esm/index.js,true,C:\Dev\Projects\SayMyName\Frontend\node_modules\@tsparticles\shape-image
@tsparticles/shape-line,3.9.1,DUAL,,cjs/index.js,esm/index.js,true,C:\Dev\Projects\SayMyName\Frontend\node_modules\@tsparticles\shape-line
@tsparticles/shape-polygon,3.9.1,DUAL,,cjs/index.js,esm/index.js,true,C:\Dev\Projects\SayMyName\Frontend\node_modules\@tsparticles\shape-polygon
@tsparticles/shape-square,3.9.1,DUAL,,cjs/index.js,esm/index.js,true,C:\Dev\Projects\SayMyName\Frontend\node_modules\@tsparticles\shape-square
@tsparticles/shape-star,3.9.1,DUAL,,cjs/index.js,esm/index.js,true,C:\Dev\Projects\SayMyName\Frontend\node_modules\@tsparticles\shape-star
@tsparticles/slim,3.9.1,DUAL,,cjs/index.js,esm/index.js,true,C:\Dev\Projects\SayMyName\Frontend\node_modules\@tsparticles\slim
@tsparticles/updater-color,3.9.1,DUAL,,cjs/index.js,esm/index.js,true,C:\Dev\Projects\SayMyName\Frontend\node_modules\@tsparticles\updater-color
@tsparticles/updater-life,3.9.1,DUAL,,cjs/index.js,esm/index.js,true,C:\Dev\Projects\SayMyName\Frontend\node_modules\@tsparticles\updater-life
@tsparticles/updater-opacity,3.9.1,DUAL,,cjs/index.js,esm/index.js,true,C:\Dev\Projects\SayMyName\Frontend\node_modules\@tsparticles\updater-opacity
@tsparticles/updater-out-modes,3.9.1,DUAL,,cjs/index.js,esm/index.js,true,C:\Dev\Projects\SayMyName\Frontend\node_modules\@tsparticles\updater-out-modes
@tsparticles/updater-rotate,3.9.1,DUAL,,cjs/index.js,esm/index.js,true,C:\Dev\Projects\SayMyName\Frontend\node_modules\@tsparticles\updater-rotate
@tsparticles/updater-size,3.9.1,DUAL,,cjs/index.js,esm/index.js,true,C:\Dev\Projects\SayMyName\Frontend\node_modules\@tsparticles\updater-size
@tsparticles/updater-stroke-color,3.9.1,DUAL,,cjs/index.js,esm/index.js,true,C:\Dev\Projects\SayMyName\Frontend\node_modules\@tsparticles\updater-stroke-color
@vitejs/plugin-react,4.3.1,DUAL,,./dist/index.cjs,./dist/index.mjs,true,C:\Dev\Projects\SayMyName\Frontend\node_modules\@vitejs\plugin-react
acorn,8.15.0,DUAL,,dist/acorn.js,dist/acorn.mjs,true,C:\Dev\Projects\SayMyName\Frontend\node_modules\acorn
attr-accept,2.2.5,DUAL,,dist/index.js,dist/es/index.js,false,C:\Dev\Projects\SayMyName\Frontend\node_modules\attr-accept
clsx,2.1.1,DUAL,,dist/clsx.js,dist/clsx.mjs,true,C:\Dev\Projects\SayMyName\Frontend\node_modules\clsx
css-box-model,1.2.1,DUAL,,dist/css-box-model.cjs.js,dist/css-box-model.esm.js,false,C:\Dev\Projects\SayMyName\Frontend\node_modules\css-box-model
dom-helpers,5.2.1,DUAL,,cjs/index.js,esm/index.js,false,C:\Dev\Projects\SayMyName\Frontend\node_modules\dom-helpers
escalade,3.2.0,DUAL,,dist/index.js,dist/index.mjs,true,C:\Dev\Projects\SayMyName\Frontend\node_modules\escalade
esquery,1.6.0,DUAL,,dist/esquery.min.js,dist/esquery.esm.min.js,false,C:\Dev\Projects\SayMyName\Frontend\node_modules\esquery
file-selector,2.1.2,DUAL,,./dist/index.js,./dist/es2015/index.js,false,C:\Dev\Projects\SayMyName\Frontend\node_modules\file-selector
html-parse-stringify,3.0.1,DUAL,,dist/html-parse-stringify.js,dist/html-parse-stringify.module.js,false,C:\Dev\Projects\SayMyName\Frontend\node_modules\html-parse-stringify
i18next,23.12.2,DUAL,,./dist/cjs/i18next.js,./dist/esm/i18next.js,true,C:\Dev\Projects\SayMyName\Frontend\node_modules\i18next
i18next-browser-languagedetector,8.0.0,DUAL,,./dist/cjs/i18nextBrowserLanguageDetector.js,./dist/esm/i18nextBrowserLanguageDetector.js,true,C:\Dev\Projects\SayMyName\Frontend\node_modules\i18next-browser-languagedetector
js-yaml,4.1.0,DUAL,,,./dist/js-yaml.mjs,true,C:\Dev\Projects\SayMyName\Frontend\node_modules\js-yaml
json5,2.2.3,DUAL,,lib/index.js,dist/index.mjs,false,C:\Dev\Projects\SayMyName\Frontend\node_modules\json5
memoize-one,5.2.1,DUAL,,dist/memoize-one.cjs.js,dist/memoize-one.esm.js,false,C:\Dev\Projects\SayMyName\Frontend\node_modules\memoize-one
node-fetch,2.7.0,DUAL,,lib/index.js,lib/index.mjs,false,C:\Dev\Projects\SayMyName\Frontend\node_modules\node-fetch
postcss,8.5.6,DUAL,,./lib/postcss.js,,true,C:\Dev\Projects\SayMyName\Frontend\node_modules\postcss
punycode,2.3.1,DUAL,,punycode.js,punycode.es6.js,false,C:\Dev\Projects\SayMyName\Frontend\node_modules\punycode
raf-schd,4.0.3,DUAL,,dist/raf-schd.cjs.js,dist/raf-schd.esm.js,false,C:\Dev\Projects\SayMyName\Frontend\node_modules\raf-schd
react-beautiful-dnd,13.1.1,DUAL,,dist/react-beautiful-dnd.cjs.js,dist/react-beautiful-dnd.esm.js,false,C:\Dev\Projects\SayMyName\Frontend\node_modules\react-beautiful-dnd
react-dropzone,14.3.8,DUAL,,dist/index.js,dist/es/index.js,true,C:\Dev\Projects\SayMyName\Frontend\node_modules\react-dropzone
react-easy-crop,5.5.0,DUAL,,./index.js,./index.module.js,true,C:\Dev\Projects\SayMyName\Frontend\node_modules\react-easy-crop
react-i18next,15.0.0,DUAL,,dist/commonjs/index.js,dist/es/index.js,true,C:\Dev\Projects\SayMyName\Frontend\node_modules\react-i18next
react-redux,7.2.9,DUAL,,./lib/index.js,es/index.js,false,C:\Dev\Projects\SayMyName\Frontend\node_modules\react-beautiful-dnd\node_modules\react-redux
react-redux,9.2.0,DUAL,,dist/cjs/index.js,dist/react-redux.legacy-esm.js,true,C:\Dev\Projects\SayMyName\Frontend\node_modules\react-redux
react-router,6.24.1,DUAL,,./dist/main.js,./dist/index.js,false,C:\Dev\Projects\SayMyName\Frontend\node_modules\react-router
react-router-dom,6.24.1,DUAL,,./dist/main.js,./dist/index.js,false,C:\Dev\Projects\SayMyName\Frontend\node_modules\react-router-dom
react-toastify,10.0.5,DUAL,,dist/react-toastify.js,dist/react-toastify.esm.mjs,true,C:\Dev\Projects\SayMyName\Frontend\node_modules\react-toastify
react-transition-group,4.4.5,DUAL,,cjs/index.js,esm/index.js,false,C:\Dev\Projects\SayMyName\Frontend\node_modules\react-transition-group
redux,4.2.1,DUAL,,lib/redux.js,es/redux.js,false,C:\Dev\Projects\SayMyName\Frontend\node_modules\@types\react-redux\node_modules\redux
redux,5.0.1,DUAL,,dist/cjs/redux.cjs,dist/redux.legacy-esm.js,true,C:\Dev\Projects\SayMyName\Frontend\node_modules\redux
reselect,5.1.1,DUAL,,./dist/cjs/reselect.cjs,./dist/reselect.legacy-esm.js,true,C:\Dev\Projects\SayMyName\Frontend\node_modules\reselect
rollup,4.50.1,DUAL,,dist/rollup.js,dist/es/rollup.js,true,C:\Dev\Projects\SayMyName\Frontend\node_modules\rollup
tiny-invariant,1.3.3,DUAL,,dist/tiny-invariant.cjs.js,dist/tiny-invariant.esm.js,true,C:\Dev\Projects\SayMyName\Frontend\node_modules\tiny-invariant
tslib,2.8.1,DUAL,,tslib.js,tslib.es6.js,true,C:\Dev\Projects\SayMyName\Frontend\node_modules\tslib
use-memo-one,1.1.3,DUAL,,dist/use-memo-one.cjs.js,dist/use-memo-one.esm.js,false,C:\Dev\Projects\SayMyName\Frontend\node_modules\use-memo-one
@babel/compat-data,7.28.4,UNKNOWN,commonjs,,,true,C:\Dev\Projects\SayMyName\Frontend\node_modules\@babel\compat-data
@babel/helper-globals,7.28.0,UNKNOWN,commonjs,,,true,C:\Dev\Projects\SayMyName\Frontend\node_modules\@babel\helper-globals
@babel/runtime,7.28.4,UNKNOWN,commonjs,,,true,C:\Dev\Projects\SayMyName\Frontend\node_modules\@babel\runtime
@types/react,18.3.3,UNKNOWN,,,,true,C:\Dev\Projects\SayMyName\Frontend\node_modules\@types\react
@types/react-dom,18.3.0,UNKNOWN,,,,true,C:\Dev\Projects\SayMyName\Frontend\node_modules\@types\react-dom
@typescript-eslint/eslint-plugin,7.13.1,UNKNOWN,commonjs,,,true,C:\Dev\Projects\SayMyName\Frontend\node_modules\@typescript-eslint\eslint-plugin
@typescript-eslint/parser,7.13.1,UNKNOWN,commonjs,,,true,C:\Dev\Projects\SayMyName\Frontend\node_modules\@typescript-eslint\parser
@typescript-eslint/scope-manager,7.13.1,UNKNOWN,commonjs,,,true,C:\Dev\Projects\SayMyName\Frontend\node_modules\@typescript-eslint\scope-manager
@typescript-eslint/type-utils,7.13.1,UNKNOWN,commonjs,,,true,C:\Dev\Projects\SayMyName\Frontend\node_modules\@typescript-eslint\type-utils
@typescript-eslint/types,7.13.1,UNKNOWN,commonjs,,,true,C:\Dev\Projects\SayMyName\Frontend\node_modules\@typescript-eslint\types
@typescript-eslint/typescript-estree,7.13.1,UNKNOWN,commonjs,,,true,C:\Dev\Projects\SayMyName\Frontend\node_modules\@typescript-eslint\typescript-estree
@typescript-eslint/utils,7.13.1,UNKNOWN,commonjs,,,true,C:\Dev\Projects\SayMyName\Frontend\node_modules\@typescript-eslint\utils
@typescript-eslint/visitor-keys,7.13.1,UNKNOWN,commonjs,,,true,C:\Dev\Projects\SayMyName\Frontend\node_modules\@typescript-eslint\visitor-keys
dunder-proto,1.0.1,UNKNOWN,,,,true,C:\Dev\Projects\SayMyName\Frontend\node_modules\dunder-proto
import-fresh,3.3.1,UNKNOWN,,,,true,C:\Dev\Projects\SayMyName\Frontend\node_modules\import-fresh
math-intrinsics,1.1.0,UNKNOWN,,,,true,C:\Dev\Projects\SayMyName\Frontend\node_modules\math-intrinsics
update-browserslist-db,1.1.3,UNKNOWN,,,,true,C:\Dev\Projects\SayMyName\Frontend\node_modules\update-browserslist-db
use-sync-external-store,1.5.0,UNKNOWN,,,,true,C:\Dev\Projects\SayMyName\Frontend\node_modules\use-sync-external-store
@eslint-community/regexpp,4.12.1,ESM,,index,,true,C:\Dev\Projects\SayMyName\Frontend\node_modules\@eslint-community\regexpp
@eslint/eslintrc,2.1.4,ESM,module,./dist/eslintrc.cjs,,true,C:\Dev\Projects\SayMyName\Frontend\node_modules\@eslint\eslintrc
@humanwhocodes/module-importer,1.0.1,ESM,module,src/module-importer.cjs,src/module-importer.js,true,C:\Dev\Projects\SayMyName\Frontend\node_modules\@humanwhocodes\module-importer
@tsparticles/react,3.0.0,ESM,module,dist/index.js,,false,C:\Dev\Projects\SayMyName\Frontend\node_modules\@tsparticles\react
@ungap/structured-clone,1.3.0,ESM,module,./cjs/index.js,./esm/index.js,true,C:\Dev\Projects\SayMyName\Frontend\node_modules\@ungap\structured-clone
axios,1.11.0,ESM,module,index.js,,true,C:\Dev\Projects\SayMyName\Frontend\node_modules\axios
date-fns,4.1.0,ESM,module,index.cjs,index.js,true,C:\Dev\Projects\SayMyName\Frontend\node_modules\date-fns
eslint-scope,7.2.2,ESM,module,./dist/eslint-scope.cjs,,true,C:\Dev\Projects\SayMyName\Frontend\node_modules\eslint-scope
eslint-visitor-keys,3.4.3,ESM,module,dist/eslint-visitor-keys.cjs,,true,C:\Dev\Projects\SayMyName\Frontend\node_modules\eslint-visitor-keys
espree,9.6.1,ESM,module,dist/espree.cjs,,true,C:\Dev\Projects\SayMyName\Frontend\node_modules\espree
flatted,3.3.3,ESM,module,./cjs/index.js,./esm/index.js,true,C:\Dev\Projects\SayMyName\Frontend\node_modules\flatted
i18next-http-backend,2.5.2,ESM,module,./cjs/index.js,./esm/index.js,true,C:\Dev\Projects\SayMyName\Frontend\node_modules\i18next-http-backend
minimatch,9.0.5,ESM,module,./dist/commonjs/index.js,,true,C:\Dev\Projects\SayMyName\Frontend\node_modules\minimatch
nanoid,3.3.11,ESM,module,index.cjs,index.js,true,C:\Dev\Projects\SayMyName\Frontend\node_modules\nanoid
node-releases,2.0.20,ESM,module,,,false,C:\Dev\Projects\SayMyName\Frontend\node_modules\node-releases
stylis,4.2.0,ESM,module,dist/umd/stylis.js,dist/stylis.mjs,true,C:\Dev\Projects\SayMyName\Frontend\node_modules\stylis
ts-api-utils,1.4.3,ESM,module,./lib/index.js,,true,C:\Dev\Projects\SayMyName\Frontend\node_modules\ts-api-utils
vite,5.3.1,ESM,module,./dist/node/index.js,,true,C:\Dev\Projects\SayMyName\Frontend\node_modules\vite